{"cameraMode":{"drawMode":0,"name":"Shaded","section":"Shading Mode"},"sceneLighting":false,"audioPlay":false,"sceneViewState":{"m_AlwaysRefresh":false,"showFog":true,"showSkybox":false,"showFlares":true,"showImageEffects":true,"showParticleSystems":true,"showVisualEffectGraphs":true,"m_FxEnabled":true},"in2DMode":false,"pivot":{"x":0.22917483747005464,"y":0.21185384690761567,"z":0.5952718257904053},"rotation":{"x":0.26088210940361025,"y":0.37185585498809817,"z":-0.10950450599193573,"w":0.8842802047729492},"size":0.3857419788837433,"orthographic":false}