{"cameraMode":{"drawMode":0,"name":"Shaded","section":"Shading Mode"},"sceneLighting":false,"audioPlay":false,"sceneViewState":{"m_AlwaysRefresh":false,"showFog":true,"showSkybox":false,"showFlares":true,"showImageEffects":true,"showParticleSystems":true,"showVisualEffectGraphs":true,"m_FxEnabled":true},"in2DMode":false,"pivot":{"x":-0.07800620794296265,"y":1.7499016523361207,"z":-0.07174281030893326},"rotation":{"x":-0.049184780567884448,"y":0.7188647389411926,"z":-0.050870105624198917,"w":-0.6917077302932739},"size":1.8129931688308716,"orthographic":false}