{"cameraMode":{"drawMode":0,"name":"Shaded","section":"Shading Mode"},"sceneLighting":false,"audioPlay":false,"sceneViewState":{"m_AlwaysRefresh":false,"showFog":true,"showSkybox":false,"showFlares":true,"showImageEffects":true,"showParticleSystems":true,"showVisualEffectGraphs":true,"m_FxEnabled":true},"in2DMode":false,"pivot":{"x":-3.1578097343444826,"y":0.5292742252349854,"z":10.079666137695313},"rotation":{"x":-0.00019890790281351656,"y":0.9998638033866882,"z":0.008689848706126213,"w":0.022565297782421113},"size":5.165956497192383,"orthographic":false}