{"cameraMode":{"drawMode":0,"name":"Shaded","section":"Shading Mode"},"sceneLighting":false,"audioPlay":false,"sceneViewState":{"m_AlwaysRefresh":false,"showFog":true,"showSkybox":false,"showFlares":true,"showImageEffects":true,"showParticleSystems":true,"showVisualEffectGraphs":true,"m_FxEnabled":true},"in2DMode":false,"pivot":{"x":-0.12654709815979005,"y":-0.0760931670665741,"z":-0.1382121443748474},"rotation":{"x":-0.053529996424913409,"y":0.8160951137542725,"z":-0.07627677917480469,"w":-0.5705597400665283},"size":1.1280661821365357,"orthographic":false}