{"cameraMode":{"drawMode":0,"name":"Shaded","section":"Shading Mode"},"sceneLighting":false,"audioPlay":false,"sceneViewState":{"m_AlwaysRefresh":false,"showFog":true,"showSkybox":false,"showFlares":true,"showImageEffects":true,"showParticleSystems":true,"showVisualEffectGraphs":true,"m_FxEnabled":true},"in2DMode":false,"pivot":{"x":0.32416048645973208,"y":-5.960464477539063e-8,"z":1.1920928955078126e-7},"rotation":{"x":0.12437056005001068,"y":-0.330871045589447,"z":0.04405883699655533,"w":0.9345727562904358},"size":0.8895893692970276,"orthographic":false}