{"cameraMode":{"drawMode":0,"name":"Shaded","section":"Shading Mode"},"sceneLighting":false,"audioPlay":false,"sceneViewState":{"m_AlwaysRefresh":false,"showFog":true,"showSkybox":false,"showFlares":true,"showImageEffects":true,"showParticleSystems":true,"showVisualEffectGraphs":true,"m_FxEnabled":true},"in2DMode":false,"pivot":{"x":-0.15003886818885804,"y":0.8469294309616089,"z":-0.3169334828853607},"rotation":{"x":-0.022280098870396615,"y":0.9316779971122742,"z":-0.05762040242552757,"w":-0.35831764340400698},"size":1.025717854499817,"orthographic":false}